:START_ID,:END_ID,:TYPE
0,1,MENTIONS
0,2,MENTIONS
0,3,MENTIONS
0,4,MENTIONS
1,2,NEARBY
1,3,NEARBY
1,4,NEARBY
5,6,MENTIONS
5,7,MENTIONS
5,8,MENTIONS
5,9,MENTIONS
6,7,LOCATION
7,8,LOCATION
8,9,LOCATION
6,9,DISTANCE
10,6,MENTIONS
10,7,MENTIONS
10,8,MENTIONS
6,7,LOCATED_IN
7,8,LOCATED_IN
11,1,MENTIONS
1,12,CONTAINS
1,13,CONTAINS
1,14,CONTAINS
1,15,CONTAINS
1,16,CONTAINS
1,17,CONTAINS
18,1,MENTIONS
1,19,HAS_VIEW
1,20,HAS_VIEW
21,1,MENTIONS
21,22,MENTIONS
21,23,MENTIONS
21,24,MENTIONS
21,25,MENTIONS
21,26,MENTIONS
1,22,PROFESSOR
1,23,PROFESSOR
1,24,PROFESSOR
1,25,PROFESSOR
1,26,PROFESSOR
27,1,MENTIONS
27,22,MENTIONS
27,28,MENTIONS
27,29,MENTIONS
27,30,MENTIONS
27,31,MENTIONS
27,32,MENTIONS
27,33,MENTIONS
27,34,MENTIONS
27,35,MENTIONS
27,36,MENTIONS
27,37,MENTIONS
27,38,MENTIONS
1,28,PROFESSOR
1,29,PROFESSOR
1,30,PROFESSOR
1,31,PROFESSOR
1,32,PROFESSOR
1,33,PROFESSOR
1,34,PROFESSOR
1,35,PROFESSOR
1,36,PROFESSOR
1,37,PROFESSOR
1,38,PROFESSOR
39,1,MENTIONS
39,22,MENTIONS
39,28,MENTIONS
39,29,MENTIONS
39,40,MENTIONS
39,30,MENTIONS
39,31,MENTIONS
39,32,MENTIONS
39,33,MENTIONS
39,34,MENTIONS
39,35,MENTIONS
39,36,MENTIONS
39,37,MENTIONS
39,38,MENTIONS
1,40,PROFESSOR
41,42,MENTIONS
41,2,MENTIONS
41,4,MENTIONS
41,3,MENTIONS
42,2,NEARBY
42,4,DISTANCE
42,3,DISTANCE
43,42,MENTIONS
43,9,MENTIONS
42,9,LOCATION
44,42,MENTIONS
45,42,MENTIONS
45,46,MENTIONS
42,46,HAS_ROOM
47,42,MENTIONS
47,46,MENTIONS
48,42,MENTIONS
48,49,MENTIONS
42,49,HAS_ROOM
50,42,MENTIONS
50,49,MENTIONS
51,42,MENTIONS
51,49,MENTIONS
52,42,MENTIONS
52,53,MENTIONS
42,53,HAS_ROOM
54,42,MENTIONS
54,53,MENTIONS
55,42,MENTIONS
55,53,MENTIONS
56,42,MENTIONS
56,53,MENTIONS
57,42,MENTIONS
57,58,MENTIONS
42,58,HAS_ROOM
59,42,MENTIONS
59,58,MENTIONS
60,42,MENTIONS
60,58,MENTIONS
61,42,MENTIONS
61,62,MENTIONS
61,26,MENTIONS
42,62,HAS_ROOM_TYPE
42,26,LOCATED_IN
63,42,MENTIONS
63,62,MENTIONS
63,26,MENTIONS
64,42,MENTIONS
64,65,MENTIONS
42,65,HAS_ROOM
66,42,MENTIONS
66,65,MENTIONS
67,42,MENTIONS
67,65,MENTIONS
68,42,MENTIONS
68,69,MENTIONS
42,69,HAS_SUITE
70,42,MENTIONS
70,69,MENTIONS
71,72,MENTIONS
71,2,MENTIONS
71,73,MENTIONS
71,4,MENTIONS
72,2,NEARBY
72,73,NEARBY
72,4,DISTANCE
74,72,MENTIONS
74,9,MENTIONS
72,9,LOCATION
75,72,MENTIONS
76,72,MENTIONS
76,77,MENTIONS
72,77,HAS_ROOM
78,72,MENTIONS
78,58,MENTIONS
72,58,HAS_ROOM
79,72,MENTIONS
79,80,MENTIONS
72,80,HAS_ROOM_TYPE
81,72,MENTIONS
81,82,MENTIONS
72,82,HAS_ROOM_TYPE
83,72,MENTIONS
83,84,MENTIONS
72,84,HAS_ROOM
85,72,MENTIONS
85,53,MENTIONS
72,53,HAS_ROOM
86,72,MENTIONS
86,87,MENTIONS
72,87,HAS_ROOM_TYPE
88,89,MENTIONS
88,8,MENTIONS
88,90,MENTIONS
88,2,MENTIONS
88,4,MENTIONS
89,8,LOCATED_IN
89,2,NEAR
89,4,NEAR
91,92,MENTIONS
91,8,MENTIONS
91,26,MENTIONS
92,8,LOCATED_IN
92,26,LOCATED_IN
8,26,PART_OF
93,89,MENTIONS
94,89,MENTIONS
94,95,MENTIONS
89,95,HAS_ROOM
96,97,MENTIONS
96,2,MENTIONS
96,4,MENTIONS
97,2,NEARBY
97,4,DISTANCE
98,97,MENTIONS
98,9,MENTIONS
97,9,NEARBY
99,97,MENTIONS
100,97,MENTIONS
100,101,MENTIONS
97,101,HAS_ROOM
102,97,MENTIONS
102,49,MENTIONS
97,49,HAS_ROOM
103,97,MENTIONS
103,53,MENTIONS
97,53,HAS_ROOM
104,97,MENTIONS
104,22,MENTIONS
104,105,MENTIONS
97,22,HAS_ROOM_TYPE
97,105,HAS_ROOM
106,107,MENTIONS
106,2,MENTIONS
106,4,MENTIONS
107,2,NEARBY
107,4,NEARBY
108,107,MENTIONS
108,109,MENTIONS
107,109,NEARBY
110,107,MENTIONS
107,111,RATED
112,107,MENTIONS
112,12,MENTIONS
112,113,MENTIONS
112,114,MENTIONS
107,12,HAS_ROOM_TYPE
107,113,LOCATED_NEAR
107,114,LOCATED_IN
115,107,MENTIONS
115,116,MENTIONS
107,116,HAS_ROOM
117,107,MENTIONS
117,118,MENTIONS
107,118,HAS_ROOM
119,107,MENTIONS
119,120,MENTIONS
107,120,HAS_ROOM
121,107,MENTIONS
121,122,MENTIONS
107,122,HAS_ROOM
123,124,MENTIONS
123,2,MENTIONS
123,3,MENTIONS
123,4,MENTIONS
124,2,NEARBY
124,3,NEARBY
124,4,DISTANCE
125,124,MENTIONS
125,126,MENTIONS
124,126,LOCATION
127,124,MENTIONS
124,128,HAS_RATING
129,124,MENTIONS
129,130,MENTIONS
124,130,HAS_ROOM
131,124,MENTIONS
131,130,MENTIONS
132,124,MENTIONS
132,130,MENTIONS
133,124,MENTIONS
133,130,MENTIONS
134,124,MENTIONS
134,135,MENTIONS
124,135,HAS_ROOM
136,124,MENTIONS
136,135,MENTIONS
137,124,MENTIONS
137,135,MENTIONS
138,124,MENTIONS
138,135,MENTIONS
139,124,MENTIONS
139,140,MENTIONS
139,25,MENTIONS
124,140,HAS_ROOM_TYPE
140,25,OVERLOOKS
141,124,MENTIONS
141,140,MENTIONS
141,25,MENTIONS
142,124,MENTIONS
142,140,MENTIONS
142,25,MENTIONS
143,124,MENTIONS
143,140,MENTIONS
143,25,MENTIONS
144,124,MENTIONS
144,145,MENTIONS
124,145,HAS_ROOM
146,124,MENTIONS
146,145,MENTIONS
147,124,MENTIONS
147,145,MENTIONS
148,124,MENTIONS
148,145,MENTIONS
149,124,MENTIONS
149,150,MENTIONS
124,150,HAS_ROOM_TYPE
151,124,MENTIONS
151,150,MENTIONS
152,124,MENTIONS
152,150,MENTIONS
153,124,MENTIONS
153,150,MENTIONS
154,124,MENTIONS
154,155,MENTIONS
154,25,MENTIONS
124,155,HAS_ROOM_TYPE
124,25,LOCATED_NEAR
156,124,MENTIONS
156,155,MENTIONS
156,25,MENTIONS
157,124,MENTIONS
157,155,MENTIONS
157,25,MENTIONS
158,124,MENTIONS
158,155,MENTIONS
158,25,MENTIONS
159,124,MENTIONS
159,160,MENTIONS
159,25,MENTIONS
124,160,HAS_ROOM_TYPE
161,124,MENTIONS
161,160,MENTIONS
161,25,MENTIONS
162,163,MENTIONS
162,8,MENTIONS
162,2,MENTIONS
162,4,MENTIONS
163,8,LOCATED_IN
163,2,NEAR
163,4,NEAR
164,163,MENTIONS
164,9,MENTIONS
163,9,NEARBY
165,163,MENTIONS
166,163,MENTIONS
166,58,MENTIONS
163,58,HAS_ROOM
167,163,MENTIONS
167,58,MENTIONS
168,163,MENTIONS
168,169,MENTIONS
163,169,HAS_ROOM
170,163,MENTIONS
170,169,MENTIONS
171,163,MENTIONS
171,172,MENTIONS
163,172,PROVIDES
173,163,MENTIONS
173,172,MENTIONS
174,175,MENTIONS
174,2,MENTIONS
174,4,MENTIONS
175,2,NEARBY
175,4,NEARBY
176,175,MENTIONS
176,9,MENTIONS
175,9,LOCATION
177,175,MENTIONS
178,175,MENTIONS
178,77,MENTIONS
175,77,HAS_ROOM
179,175,MENTIONS
179,180,MENTIONS
175,180,HAS_ROOM
181,175,MENTIONS
181,58,MENTIONS
175,58,HAS_ROOM
182,183,MENTIONS
182,2,MENTIONS
182,73,MENTIONS
182,4,MENTIONS
183,2,NEARBY
183,73,NEARBY
183,4,DISTANCE
184,185,MENTIONS
185,186,LOCATION
187,183,MENTIONS
188,185,MENTIONS
188,189,MENTIONS
185,189,HAS_ROOM
190,183,MENTIONS
190,191,MENTIONS
183,191,HAS_ROOM
192,183,MENTIONS
192,62,MENTIONS
192,25,MENTIONS
183,62,HAS_ROOM_TYPE
183,25,LOCATED_NEAR
193,183,MENTIONS
193,122,MENTIONS
183,122,HAS_ROOM
194,195,MENTIONS
194,8,MENTIONS
194,2,MENTIONS
194,4,MENTIONS
195,8,LOCATED_IN
195,2,NEAR
195,4,DISTANCE
196,195,MENTIONS
196,9,MENTIONS
195,9,NEARBY
197,195,MENTIONS
195,128,RATED
198,195,MENTIONS
198,199,MENTIONS
195,199,HAS_ROOM
200,195,MENTIONS
200,58,MENTIONS
200,25,MENTIONS
195,58,HAS_ROOM
58,25,HAS_SEA_VIEW
201,195,MENTIONS
201,202,MENTIONS
195,202,HAS_ROOM
203,195,MENTIONS
203,116,MENTIONS
203,25,MENTIONS
195,116,HAS_ROOM
116,25,OVERLOOKS
204,205,MENTIONS
204,2,MENTIONS
204,4,MENTIONS
205,2,NEAR
205,4,DISTANCE
206,205,MENTIONS
206,9,MENTIONS
205,9,LOCATION
207,205,MENTIONS
208,205,MENTIONS
208,49,MENTIONS
205,49,HAS_ROOM
209,205,MENTIONS
209,210,MENTIONS
205,210,HAS_ROOM
211,212,MENTIONS
211,2,MENTIONS
211,4,MENTIONS
211,3,MENTIONS
212,2,NEARBY
212,4,DISTANCE
212,3,DISTANCE
213,214,MENTIONS
213,215,MENTIONS
213,9,MENTIONS
214,215,LOCATED_NEAR
215,9,DISTANCE
216,214,MENTIONS
214,215,PROVIDES
217,214,MENTIONS
217,215,MENTIONS
214,215,HAS_ACCOMMODATION
218,214,MENTIONS
218,215,MENTIONS
219,214,MENTIONS
219,215,MENTIONS
214,215,STAY
220,214,MENTIONS
220,215,MENTIONS
221,214,MENTIONS
221,215,MENTIONS
222,214,MENTIONS
222,215,MENTIONS
223,214,MENTIONS
223,215,MENTIONS
224,214,MENTIONS
224,215,MENTIONS
225,214,MENTIONS
225,215,MENTIONS
226,214,MENTIONS
226,215,MENTIONS
227,214,MENTIONS
227,215,MENTIONS
214,215,HAS_ROOM
215,62,OFFERS
215,228,HAS_VIEW
229,214,MENTIONS
229,215,MENTIONS
230,214,MENTIONS
230,215,MENTIONS
231,214,MENTIONS
231,215,MENTIONS
232,214,MENTIONS
232,215,MENTIONS
233,214,MENTIONS
233,215,MENTIONS
234,214,MENTIONS
234,215,MENTIONS
214,215,ALTERNATIVE
235,214,MENTIONS
235,215,MENTIONS
236,214,MENTIONS
236,215,MENTIONS
237,214,MENTIONS
237,215,MENTIONS
238,214,MENTIONS
238,215,MENTIONS
239,214,MENTIONS
239,215,MENTIONS
240,214,MENTIONS
240,69,MENTIONS
214,69,HAS_SUITE
241,214,MENTIONS
241,69,MENTIONS
242,214,MENTIONS
242,69,MENTIONS
243,214,MENTIONS
243,69,MENTIONS
244,214,MENTIONS
244,69,MENTIONS
245,214,MENTIONS
245,69,MENTIONS
246,247,MENTIONS
246,8,MENTIONS
246,2,MENTIONS
246,3,MENTIONS
246,4,MENTIONS
247,8,LOCATED_IN
247,2,NEAR
247,3,NEAR
247,4,NEAR
248,247,MENTIONS
248,9,MENTIONS
247,9,LOCATION
249,247,MENTIONS
250,247,MENTIONS
250,251,MENTIONS
250,25,MENTIONS
247,251,HAS_ROOM
247,25,HAS_SEA_VIEW
252,247,MENTIONS
252,251,MENTIONS
252,25,MENTIONS
253,247,MENTIONS
253,251,MENTIONS
247,251,HAS
254,247,MENTIONS
247,25,PROFESSOR
255,247,MENTIONS
256,247,MENTIONS
256,257,MENTIONS
247,257,HAS_ROOM
258,247,MENTIONS
258,257,MENTIONS
259,247,MENTIONS
259,257,MENTIONS
260,247,MENTIONS
260,257,MENTIONS
261,247,MENTIONS
261,257,MENTIONS
262,247,MENTIONS
262,263,MENTIONS
247,263,HAS_ROOM
264,265,MENTIONS
264,2,MENTIONS
264,4,MENTIONS
265,2,NEARBY
265,4,NEARBY
266,265,MENTIONS
265,9,LOCATION
267,265,MENTIONS
268,265,MENTIONS
268,53,MENTIONS
265,53,HAS_ROOM
269,265,MENTIONS
269,270,MENTIONS
265,270,HAS_ROOM
271,265,MENTIONS
271,169,MENTIONS
265,169,HAS_ROOM
272,273,MENTIONS
272,2,MENTIONS
272,4,MENTIONS
272,3,MENTIONS
273,2,NEARBY
273,4,DISTANCE
273,3,DISTANCE
274,273,MENTIONS
274,8,MENTIONS
274,275,MENTIONS
273,8,LOCATED_IN
273,275,NEAR
8,275,CONTAINS
276,273,MENTIONS
277,273,MENTIONS
277,49,MENTIONS
273,49,HAS_ROOM
278,273,MENTIONS
278,53,MENTIONS
273,53,HAS_ROOM
279,273,MENTIONS
279,53,MENTIONS
280,273,MENTIONS
280,281,MENTIONS
273,281,HAS_ROOM_TYPE
282,273,MENTIONS
282,49,MENTIONS
283,273,MENTIONS
283,53,MENTIONS
284,273,MENTIONS
284,285,MENTIONS
273,285,HAS_ROOM
286,287,MENTIONS
286,186,MENTIONS
286,288,MENTIONS
286,4,MENTIONS
286,3,MENTIONS
287,186,LOCATED_IN
287,288,NEAR
287,4,DISTANCE
287,3,DISTANCE
289,287,MENTIONS
289,186,MENTIONS
289,275,MENTIONS
287,275,DISTANCE
290,287,MENTIONS
287,111,RATED
291,287,MENTIONS
291,292,MENTIONS
287,292,HAS_ROOM
293,287,MENTIONS
293,292,MENTIONS
294,287,MENTIONS
294,292,MENTIONS
295,287,MENTIONS
295,292,MENTIONS
296,287,MENTIONS
296,297,MENTIONS
287,297,HAS_ROOM
298,287,MENTIONS
298,297,MENTIONS
299,287,MENTIONS
299,297,MENTIONS
300,287,MENTIONS
300,297,MENTIONS
301,287,MENTIONS
301,302,MENTIONS
287,302,HAS_ROOM
303,287,MENTIONS
303,302,MENTIONS
304,287,MENTIONS
304,302,MENTIONS
305,287,MENTIONS
305,302,MENTIONS
306,287,MENTIONS
306,307,MENTIONS
287,307,HAS_ROOM
308,287,MENTIONS
308,307,MENTIONS
309,287,MENTIONS
309,307,MENTIONS
310,287,MENTIONS
310,307,MENTIONS
311,287,MENTIONS
311,307,MENTIONS
312,287,MENTIONS
312,307,MENTIONS
313,287,MENTIONS
313,307,MENTIONS
314,287,MENTIONS
314,307,MENTIONS
315,287,MENTIONS
315,316,MENTIONS
287,316,HAS_ROOM_TYPE
317,287,MENTIONS
317,316,MENTIONS
318,287,MENTIONS
318,316,MENTIONS
319,287,MENTIONS
319,316,MENTIONS
320,321,MENTIONS
320,186,MENTIONS
320,2,MENTIONS
320,3,MENTIONS
320,4,MENTIONS
321,186,LOCATED_IN
321,2,NEAR
321,3,NEAR
321,4,NEAR
322,323,MENTIONS
322,324,MENTIONS
322,186,MENTIONS
322,325,MENTIONS
323,324,LOCATED_NEAR
323,186,LOCATED_IN
324,186,LOCATED_IN
186,325,SAME_AS
326,321,MENTIONS
327,321,MENTIONS
327,251,MENTIONS
327,328,MENTIONS
321,251,HAS_ROOM
321,328,HAS_SWIMMING_POOL
329,321,MENTIONS
329,251,MENTIONS
329,328,MENTIONS
330,321,MENTIONS
330,331,MENTIONS
330,186,MENTIONS
321,331,HAS_VIEW
332,321,MENTIONS
332,331,MENTIONS
332,186,MENTIONS
333,321,MENTIONS
333,331,MENTIONS
333,186,MENTIONS
334,321,MENTIONS
334,331,MENTIONS
334,186,MENTIONS
335,321,MENTIONS
335,257,MENTIONS
321,257,HAS_ROOM
336,321,MENTIONS
336,257,MENTIONS
337,321,MENTIONS
337,257,MENTIONS
338,321,MENTIONS
338,257,MENTIONS
339,321,MENTIONS
339,257,MENTIONS
340,321,MENTIONS
340,257,MENTIONS
341,321,MENTIONS
341,263,MENTIONS
321,263,HAS_ROOM
342,321,MENTIONS
342,263,MENTIONS
343,321,MENTIONS
343,263,MENTIONS
344,345,MENTIONS
344,8,MENTIONS
344,346,MENTIONS
344,4,MENTIONS
345,8,LOCATED_IN
345,346,NEAR
345,4,NEAR
347,345,MENTIONS
347,9,MENTIONS
345,9,DISTANCE
348,345,MENTIONS
349,345,MENTIONS
349,53,MENTIONS
345,53,PROVIDES
350,345,MENTIONS
350,53,MENTIONS
351,345,MENTIONS
351,22,MENTIONS
351,352,MENTIONS
345,22,HAS_TYPE
345,352,HAS_ROOM
353,345,MENTIONS
353,22,MENTIONS
353,352,MENTIONS
354,345,MENTIONS
354,53,MENTIONS
354,22,MENTIONS
354,23,MENTIONS
354,355,MENTIONS
345,53,PROFESSOR
53,23,CONTAINS
53,355,VIEW
356,345,MENTIONS
356,53,MENTIONS
356,22,MENTIONS
356,23,MENTIONS
356,355,MENTIONS
357,345,MENTIONS
357,358,MENTIONS
345,358,LOCATED_AT
359,345,MENTIONS
359,358,MENTIONS
360,345,MENTIONS
360,22,MENTIONS
360,361,MENTIONS
360,362,MENTIONS
345,22,HAS_ROOM_TYPE
345,361,HAS_ROOM
361,362,HAS_BED
363,345,MENTIONS
363,22,MENTIONS
363,361,MENTIONS
363,362,MENTIONS
364,345,MENTIONS
364,365,MENTIONS
364,366,MENTIONS
345,365,PROFESSOR
345,366,PROFESSOR
367,345,MENTIONS
367,365,MENTIONS
367,366,MENTIONS
368,345,MENTIONS
368,53,MENTIONS
369,345,MENTIONS
369,53,MENTIONS
370,371,MENTIONS
370,186,MENTIONS
370,288,MENTIONS
370,73,MENTIONS
370,4,MENTIONS
371,186,LOCATED_IN
371,288,NEAR
371,73,NEAR
371,4,NEAR
372,373,MENTIONS
372,186,MENTIONS
373,186,LOCATED_NEAR
374,373,MENTIONS
373,375,LOCATED_AT
376,373,MENTIONS
376,375,MENTIONS
377,373,MENTIONS
377,375,MENTIONS
378,373,MENTIONS
378,375,MENTIONS
379,373,MENTIONS
379,375,MENTIONS
380,381,MENTIONS
380,8,MENTIONS
380,2,MENTIONS
380,3,MENTIONS
380,4,MENTIONS
381,8,LOCATED_IN
381,2,NEAR
381,3,NEAR
381,4,NEAR
382,381,MENTIONS
382,9,MENTIONS
381,9,PROXIMITY
383,381,MENTIONS
384,381,MENTIONS
384,22,MENTIONS
384,53,MENTIONS
381,22,HAS_ROOM_TYPE
381,53,HAS_ROOM
385,381,MENTIONS
385,386,MENTIONS
381,386,HAS_ROOM
387,388,MENTIONS
387,8,MENTIONS
387,4,MENTIONS
388,8,LOCATED_IN
388,4,NEARBY
389,388,MENTIONS
388,390,LOCATED_IN
391,388,MENTIONS
392,388,MENTIONS
388,22,PROFESSOR
393,388,MENTIONS
393,394,MENTIONS
388,394,HAS_ROOM
395,388,MENTIONS
395,22,MENTIONS
395,95,MENTIONS
395,396,MENTIONS
388,22,HAS_ROOM_TYPE
388,95,HAS_ROOM
95,396,HAS_VIEW_TO
397,388,MENTIONS
397,22,MENTIONS
397,95,MENTIONS
397,396,MENTIONS
398,388,MENTIONS
398,22,MENTIONS
398,95,MENTIONS
398,34,MENTIONS
95,34,HAS_BALCONY
399,388,MENTIONS
399,22,MENTIONS
399,95,MENTIONS
399,34,MENTIONS
400,388,MENTIONS
400,22,MENTIONS
400,169,MENTIONS
388,169,HAS_ROOM
401,388,MENTIONS
401,22,MENTIONS
401,169,MENTIONS
402,388,MENTIONS
402,22,MENTIONS
402,169,MENTIONS
403,404,MENTIONS
403,8,MENTIONS
403,2,MENTIONS
403,3,MENTIONS
403,4,MENTIONS
404,8,LOCATED_IN
404,2,NEAR
404,3,NEAR
404,4,NEAR
405,404,MENTIONS
405,9,MENTIONS
404,9,NEARBY
406,407,MENTIONS
408,404,MENTIONS
408,53,MENTIONS
404,53,HAS_ROOM
409,404,MENTIONS
409,53,MENTIONS
410,404,MENTIONS
410,53,MENTIONS
411,404,MENTIONS
411,53,MENTIONS
412,404,MENTIONS
412,53,MENTIONS
413,404,MENTIONS
413,414,MENTIONS
404,414,HAS_ROOM
415,404,MENTIONS
415,414,MENTIONS
416,404,MENTIONS
416,414,MENTIONS
417,404,MENTIONS
417,414,MENTIONS
418,404,MENTIONS
418,414,MENTIONS
419,404,MENTIONS
419,414,MENTIONS
420,404,MENTIONS
420,414,MENTIONS
421,422,MENTIONS
421,186,MENTIONS
421,423,MENTIONS
421,424,MENTIONS
421,425,MENTIONS
422,186,LOCATED_IN
422,423,NEAR
422,424,NEAR
422,425,NEAR
426,422,MENTIONS
426,9,MENTIONS
422,9,LOCATION
427,422,MENTIONS
428,422,MENTIONS
422,199,HAS_ROOM
429,422,MENTIONS
422,49,HAS_ROOM
430,422,MENTIONS
430,53,MENTIONS
422,53,HAS_ROOM
431,422,MENTIONS
422,180,HAS_ROOM
432,422,MENTIONS
433,434,MENTIONS
433,2,MENTIONS
433,3,MENTIONS
433,4,MENTIONS
434,2,NEARBY
434,3,NEARBY
434,4,DISTANCE
435,434,MENTIONS
435,9,MENTIONS
434,9,LOCATION
436,434,MENTIONS
437,434,MENTIONS
437,58,MENTIONS
434,58,HAS_ROOM
438,434,MENTIONS
438,58,MENTIONS
438,439,MENTIONS
438,25,MENTIONS
438,396,MENTIONS
438,440,MENTIONS
438,26,MENTIONS
434,439,HAS_ROOM
58,25,OVERLOOKS
58,396,OVERLOOKS
58,440,OVERLOOKS
58,26,OVERLOOKS
441,434,MENTIONS
441,22,MENTIONS
441,442,MENTIONS
441,25,MENTIONS
441,396,MENTIONS
441,440,MENTIONS
441,443,MENTIONS
441,26,MENTIONS
434,22,HAS_ROOM_TYPE
434,442,HAS_ROOM
442,25,OVERLOOKS
442,396,OVERLOOKS
442,440,OVERLOOKS
442,443,OVERLOOKS
442,26,OVERLOOKS
444,434,MENTIONS
444,58,MENTIONS
444,439,MENTIONS
444,25,MENTIONS
444,396,MENTIONS
444,440,MENTIONS
444,26,MENTIONS
445,434,MENTIONS
445,58,MENTIONS
445,439,MENTIONS
445,25,MENTIONS
445,396,MENTIONS
445,440,MENTIONS
445,26,MENTIONS
446,447,MENTIONS
446,2,MENTIONS
446,4,MENTIONS
446,73,MENTIONS
447,2,NEARBY
447,4,DISTANCE
447,73,NEARBY
448,447,MENTIONS
448,186,MENTIONS
447,186,LOCATION
449,447,MENTIONS
447,186,LOCATED_IN
450,447,MENTIONS
450,451,MENTIONS
450,452,MENTIONS
450,114,MENTIONS
447,451,HAS_BED_TYPE
447,452,OVERLOOKS
447,114,OVERLOOKS
453,447,MENTIONS
453,451,MENTIONS
453,452,MENTIONS
453,114,MENTIONS
447,451,HAS_BED
447,452,HAS_SEA_VIEW
447,114,HAS_CITY_VIEW
454,447,MENTIONS
454,451,MENTIONS
454,452,MENTIONS
454,114,MENTIONS
455,447,MENTIONS
455,456,MENTIONS
447,456,HAS_ROOM
457,447,MENTIONS
457,456,MENTIONS
458,447,MENTIONS
458,22,MENTIONS
458,459,MENTIONS
458,451,MENTIONS
458,34,MENTIONS
458,25,MENTIONS
458,26,MENTIONS
447,22,HAS_ROOM_TYPE
447,459,HAS_ROOM
459,451,HAS_BED_SIZE
459,34,HAS_BALCONY
459,25,HAS_SEA_VIEW
459,26,HAS_CITY_VIEW
460,447,MENTIONS
460,22,MENTIONS
460,459,MENTIONS
460,451,MENTIONS
460,34,MENTIONS
460,25,MENTIONS
460,26,MENTIONS
461,447,MENTIONS
461,53,MENTIONS
447,53,HAS_ROOM
462,447,MENTIONS
462,53,MENTIONS
463,447,MENTIONS
463,62,MENTIONS
447,62,HAS_ROOM_TYPE
464,447,MENTIONS
464,62,MENTIONS
464,12,MENTIONS
464,25,MENTIONS
464,26,MENTIONS
447,62,HAS_ROOM
62,12,HAS_BED
62,25,OVERLOOKS
62,26,OVERLOOKS
465,447,MENTIONS
465,466,MENTIONS
465,25,MENTIONS
465,26,MENTIONS
447,466,HAS_SUITE
447,25,OVERLOOKS
447,26,OVERLOOKS
467,447,MENTIONS
467,466,MENTIONS
467,25,MENTIONS
467,26,MENTIONS
468,469,MENTIONS
468,8,MENTIONS
468,470,MENTIONS
468,4,MENTIONS
469,8,LOCATED_IN
469,470,NEAR
469,4,NEAR
471,469,MENTIONS
471,9,MENTIONS
469,9,DISTANCE
472,469,MENTIONS
473,469,MENTIONS
473,49,MENTIONS
469,49,HAS_ROOM
474,469,MENTIONS
474,53,MENTIONS
469,53,HAS_ROOM
475,469,MENTIONS
475,53,MENTIONS
476,477,MENTIONS
476,8,MENTIONS
476,2,MENTIONS
476,4,MENTIONS
477,8,LOCATED_IN
477,2,NEAR
477,4,NEAR
478,477,MENTIONS
478,9,MENTIONS
477,9,NEARBY
479,477,MENTIONS
480,477,MENTIONS
480,49,MENTIONS
477,49,HAS_ROOM
481,477,MENTIONS
481,116,MENTIONS
477,116,HAS_ROOM
482,477,MENTIONS
482,483,MENTIONS
477,483,HAS_ROOM
484,477,MENTIONS
484,485,MENTIONS
477,485,HAS_ROOM
486,477,MENTIONS
486,84,MENTIONS
477,84,HAS_ROOM
487,477,MENTIONS
487,49,MENTIONS
488,477,MENTIONS
488,65,MENTIONS
477,65,HAS_ROOM
489,490,MENTIONS
489,8,MENTIONS
489,2,MENTIONS
489,3,MENTIONS
489,4,MENTIONS
490,8,LOCATED_IN
490,2,NEAR
490,3,NEAR
490,4,NEAR
491,490,MENTIONS
491,9,MENTIONS
490,9,DISTANCE
492,490,MENTIONS
493,490,MENTIONS
493,494,MENTIONS
490,494,PROVIDES
495,490,MENTIONS
495,494,MENTIONS
496,490,MENTIONS
496,169,MENTIONS
490,169,HAS_ROOM
497,490,MENTIONS
497,169,MENTIONS
498,490,MENTIONS
498,169,MENTIONS
499,490,MENTIONS
499,169,MENTIONS
500,490,MENTIONS
500,65,MENTIONS
490,65,HAS_ROOM
501,490,MENTIONS
501,502,MENTIONS
490,502,HAS_ROOM
503,490,MENTIONS
503,502,MENTIONS
504,490,MENTIONS
504,502,MENTIONS
505,506,MENTIONS
505,8,MENTIONS
505,2,MENTIONS
505,73,MENTIONS
505,4,MENTIONS
506,8,LOCATED_IN
506,2,NEAR
506,73,NEAR
506,4,NEAR
507,506,MENTIONS
507,9,MENTIONS
506,9,NEARBY
508,509,MENTIONS
510,506,MENTIONS
510,511,MENTIONS
506,511,LOCATED_IN
512,506,MENTIONS
512,22,MENTIONS
512,257,MENTIONS
506,22,PROVIDES
506,257,PROVIDES
513,514,MENTIONS
513,186,MENTIONS
513,288,MENTIONS
513,3,MENTIONS
513,4,MENTIONS
514,186,LOCATED_IN
514,288,NEAR
514,3,NEAR
514,4,NEAR
515,516,MENTIONS
515,186,MENTIONS
516,186,LOCATED_NEAR
517,514,MENTIONS
518,514,MENTIONS
514,53,HAS_ROOM
519,514,MENTIONS
520,514,MENTIONS
521,514,MENTIONS
514,522,HAS_ROOM
523,514,MENTIONS
524,514,MENTIONS
525,514,MENTIONS
514,526,HAS_ROOM
527,514,MENTIONS
528,514,MENTIONS
529,514,MENTIONS
530,514,MENTIONS
531,514,MENTIONS
532,514,MENTIONS
514,12,HAS_BED_TYPE
514,533,HAS_ROOM_SIZE
514,34,HAS_BALCONY
514,25,HAS_SEA_VIEW
534,514,MENTIONS
514,535,HAS_ROOM
536,514,MENTIONS
537,514,MENTIONS
514,62,HAS_ROOM_TYPE
514,538,HAS_ROOM_SIZE
514,539,HAS_SEA_VIEW
540,514,MENTIONS
541,514,MENTIONS
514,539,HAS_VIEW
542,543,MENTIONS
542,8,MENTIONS
542,544,MENTIONS
543,8,LOCATED_IN
543,544,NEARBY
545,543,MENTIONS
545,9,MENTIONS
543,9,NEARBY
546,543,MENTIONS
547,543,MENTIONS
547,53,MENTIONS
543,53,HAS_ROOM
548,543,MENTIONS
548,549,MENTIONS
543,549,HAS_ROOM
550,543,MENTIONS
550,361,MENTIONS
543,361,HAS_ROOM
551,552,MENTIONS
551,8,MENTIONS
551,4,MENTIONS
552,8,LOCATED_IN
552,4,NEARBY
553,554,MENTIONS
554,555,DISTANCE
556,552,MENTIONS
557,552,MENTIONS
557,558,MENTIONS
552,558,HAS_ROOM
559,552,MENTIONS
559,560,MENTIONS
552,560,HAS_ROOM
561,552,MENTIONS
561,562,MENTIONS
552,562,HAS_ROOM
563,552,MENTIONS
552,564,HAS_TYPE
552,565,HAS_FURNITURE
552,566,HAS_DESCRIPTION
552,567,HAS_PRICE
568,552,MENTIONS
568,58,MENTIONS
568,25,MENTIONS
568,440,MENTIONS
568,443,MENTIONS
552,58,HAS_ROOM
58,25,HAS_VIEW_OF
58,440,HAS_VIEW_OF
58,443,HAS_VIEW_OF
569,552,MENTIONS
569,58,MENTIONS
569,25,MENTIONS
569,440,MENTIONS
569,443,MENTIONS
569,570,MENTIONS
552,58,LOCATED_IN
58,25,VIEWS
58,440,VIEWS
58,443,VIEWS
58,570,VIEWS
571,552,MENTIONS
571,95,MENTIONS
552,95,HAS_ROOM
572,552,MENTIONS
572,414,MENTIONS
572,573,MENTIONS
572,25,MENTIONS
572,396,MENTIONS
572,440,MENTIONS
572,443,MENTIONS
572,570,MENTIONS
552,414,HAS_ROOM_TYPE
552,573,HAS_OUTDOOR_SPACE
552,25,NEAR_BODY_OF_WATER
552,396,NEAR_GARDEN
552,440,NEAR_MOUNTAIN
552,443,NEAR_FAMOUS_LANDMARK
552,570,NEAR_RIVER
574,552,MENTIONS
574,58,MENTIONS
574,25,MENTIONS
574,396,MENTIONS
574,440,MENTIONS
574,26,MENTIONS
58,396,VIEWS
58,26,VIEWS
575,552,MENTIONS
575,53,MENTIONS
552,53,HAS_ROOM
576,577,MENTIONS
576,2,MENTIONS
576,4,MENTIONS
577,2,NEAR
577,4,DISTANCE
578,577,MENTIONS
578,9,MENTIONS
577,9,LOCATION
579,577,MENTIONS
580,577,MENTIONS
580,199,MENTIONS
577,199,HAS_ROOM
581,577,MENTIONS
581,199,MENTIONS
582,577,MENTIONS
582,22,MENTIONS
582,583,MENTIONS
577,22,HAS_ROOM_TYPE
577,583,HAS_ROOM
584,577,MENTIONS
584,22,MENTIONS
584,583,MENTIONS
585,577,MENTIONS
585,586,MENTIONS
577,586,HAS_ROOM_TYPE
587,577,MENTIONS
587,586,MENTIONS
588,577,MENTIONS
588,586,MENTIONS
589,577,MENTIONS
589,69,MENTIONS
577,69,HAS_SUITE
590,591,MENTIONS
590,2,MENTIONS
590,3,MENTIONS
590,4,MENTIONS
591,2,NEARBY
591,3,NEARBY
591,4,DISTANCE
592,591,MENTIONS
592,8,MENTIONS
592,9,MENTIONS
591,8,LOCATED_IN
591,9,NEAR
8,9,CONTAINS
593,594,MENTIONS
595,591,MENTIONS
595,58,MENTIONS
591,58,HAS_ROOM
596,594,MENTIONS
596,394,MENTIONS
594,394,HAS_ROOM
597,591,MENTIONS
597,485,MENTIONS
591,485,HAS_ROOM
598,591,MENTIONS
598,599,MENTIONS
591,599,HAS_ROOM
600,591,MENTIONS
600,53,MENTIONS
591,53,HAS_ROOM
601,602,MENTIONS
601,8,MENTIONS
601,2,MENTIONS
601,73,MENTIONS
601,4,MENTIONS
602,8,LOCATED_IN
602,2,NEAR
602,73,NEAR
602,4,NEAR
603,604,MENTIONS
603,9,MENTIONS
604,9,LOCATION
605,604,MENTIONS
606,251,MENTIONS
606,25,MENTIONS
251,25,PROFESSOR
607,604,MENTIONS
607,25,MENTIONS
604,25,NHÌN_RA
608,604,MENTIONS
608,28,MENTIONS
608,30,MENTIONS
608,609,MENTIONS
608,610,MENTIONS
608,34,MENTIONS
608,25,MENTIONS
608,611,MENTIONS
608,443,MENTIONS
604,28,HAS_ROOM
604,30,HAS_ROOM
604,609,HAS_KITCHEN
604,610,HAS_BATHROOM
604,34,HAS_BALCONY
604,25,OVERLOOKS
604,611,OVERLOOKS
604,443,OVERLOOKS
612,604,MENTIONS
612,28,MENTIONS
612,30,MENTIONS
613,604,MENTIONS
613,22,MENTIONS
604,22,HAS_TYPE
614,251,MENTIONS
614,615,MENTIONS
251,615,PROFESSOR
616,251,MENTIONS
616,615,MENTIONS
616,617,MENTIONS
251,617,MEMBER
618,604,MENTIONS
618,414,MENTIONS
618,25,MENTIONS
604,414,HAS_ROOM
604,25,HAS_VIEW
619,604,MENTIONS
619,25,MENTIONS
619,611,MENTIONS
619,443,MENTIONS
604,25,VIEWS
604,611,VIEWS
604,443,VIEWS
620,604,MENTIONS
620,25,MENTIONS
620,611,MENTIONS
620,443,MENTIONS
621,604,MENTIONS
621,25,MENTIONS
621,611,MENTIONS
621,443,MENTIONS
622,623,MENTIONS
622,8,MENTIONS
622,2,MENTIONS
622,3,MENTIONS
622,4,MENTIONS
623,8,LOCATED_IN
623,2,NEAR
623,3,NEAR
623,4,NEAR
624,323,MENTIONS
624,625,MENTIONS
624,186,MENTIONS
624,9,MENTIONS
323,625,NEARBY
323,186,LOCATION
323,9,DISTANCE
626,627,MENTIONS
628,627,MENTIONS
627,186,PROFESSOR
629,627,MENTIONS
629,186,MENTIONS
629,630,MENTIONS
629,113,MENTIONS
627,186,LOCATED_IN
627,630,OVERLOOKS
627,113,OVERLOOKS
631,627,MENTIONS
631,28,MENTIONS
631,29,MENTIONS
631,30,MENTIONS
631,31,MENTIONS
631,32,MENTIONS
631,34,MENTIONS
631,25,MENTIONS
631,440,MENTIONS
631,443,MENTIONS
631,26,MENTIONS
627,28,HAS_ROOM
627,29,HAS_ROOM
627,30,HAS_ROOM
627,31,HAS_KITCHEN
627,32,HAS_BATHROOM
627,34,HAS_BALCONY
627,25,HAS_SEA_VIEW
627,440,HAS_MOUNTAIN_VIEW
627,443,HAS_FAMOUS_PLACE_VIEW
627,26,HAS_CITY_VIEW
632,627,MENTIONS
632,28,MENTIONS
632,29,MENTIONS
632,40,MENTIONS
632,30,MENTIONS
632,609,MENTIONS
632,610,MENTIONS
632,34,MENTIONS
627,40,HAS_ROOM
627,609,HAS_KITCHEN
627,610,HAS_BATHROOM
633,634,MENTIONS
633,2,MENTIONS
633,3,MENTIONS
633,4,MENTIONS
633,8,MENTIONS
634,2,NEARBY
634,3,NEARBY
634,4,NEARBY
634,8,LOCATED_IN
635,634,MENTIONS
635,9,MENTIONS
634,9,NEARBY
636,634,MENTIONS
637,634,MENTIONS
637,638,MENTIONS
634,638,HAS_ROOM
639,634,MENTIONS
639,638,MENTIONS
640,634,MENTIONS
640,22,MENTIONS
640,641,MENTIONS
634,22,HAS_ROOM_TYPE
634,641,HAS_ROOM
641,22,IS_OF_ROOM_TYPE
642,634,MENTIONS
634,53,HAS_ROOM
643,634,MENTIONS
643,53,MENTIONS
644,634,MENTIONS
645,634,MENTIONS
645,22,MENTIONS
645,49,MENTIONS
645,23,MENTIONS
645,24,MENTIONS
645,440,MENTIONS
645,396,MENTIONS
645,26,MENTIONS
634,49,HAS_ROOM
49,23,HAS_BED
49,24,HAS_BED
49,440,HAS_VIEW
49,396,HAS_VIEW
49,26,HAS_VIEW
646,634,MENTIONS
646,22,MENTIONS
646,49,MENTIONS
646,23,MENTIONS
646,24,MENTIONS
646,440,MENTIONS
646,396,MENTIONS
646,26,MENTIONS
647,634,MENTIONS
647,22,MENTIONS
647,49,MENTIONS
647,23,MENTIONS
647,24,MENTIONS
647,440,MENTIONS
647,396,MENTIONS
647,26,MENTIONS
648,634,MENTIONS
648,22,MENTIONS
648,191,MENTIONS
634,191,HAS_ROOM
191,634,IS_LOCATED_IN
649,634,MENTIONS
649,22,MENTIONS
649,191,MENTIONS
650,634,MENTIONS
650,22,MENTIONS
650,191,MENTIONS
651,652,MENTIONS
651,186,MENTIONS
651,346,MENTIONS
651,4,MENTIONS
652,186,LOCATED_IN
652,346,NEARBY
652,4,NEARBY
653,652,MENTIONS
653,186,MENTIONS
653,26,MENTIONS
652,186,NEARBY
652,26,DISTANCE
654,652,MENTIONS
652,655,RATED
656,652,MENTIONS
656,657,MENTIONS
652,657,PROFESSOR
658,652,MENTIONS
658,657,MENTIONS
659,652,MENTIONS
659,657,MENTIONS
652,657,LOCATED_IN
660,652,MENTIONS
660,657,MENTIONS
661,652,MENTIONS
661,459,MENTIONS
652,459,HAS_ROOM
662,652,MENTIONS
662,459,MENTIONS
663,652,MENTIONS
652,25,PROFESSOR
664,652,MENTIONS
665,652,MENTIONS
665,22,MENTIONS
665,666,MENTIONS
652,22,HAS_ROOM_TYPE
652,666,HAS_ROOM
667,652,MENTIONS
667,22,MENTIONS
667,666,MENTIONS
668,652,MENTIONS
668,669,MENTIONS
668,396,MENTIONS
652,669,HAS_ROOM
652,396,HAS_VIEW
670,652,MENTIONS
670,669,MENTIONS
670,396,MENTIONS
671,672,MENTIONS
671,2,MENTIONS
671,3,MENTIONS
671,4,MENTIONS
672,2,NEARBY
672,3,NEARBY
672,4,NEARBY
673,672,MENTIONS
673,126,MENTIONS
672,126,LOCATION
674,672,MENTIONS
672,186,LOCATED_IN
675,672,MENTIONS
675,53,MENTIONS
672,53,HAS_ROOM
676,672,MENTIONS
676,53,MENTIONS
677,672,MENTIONS
677,186,MENTIONS
678,672,MENTIONS
678,679,MENTIONS
672,679,HAS_ROOM
680,672,MENTIONS
680,53,MENTIONS
681,672,MENTIONS
681,285,MENTIONS
672,285,HAS_ROOM
682,683,MENTIONS
682,684,MENTIONS
682,685,MENTIONS
682,686,MENTIONS
682,687,MENTIONS
683,684,LOCATED_IN
683,685,HAS_VIEW_OF
683,686,NEAR
683,687,SERVED_BY
688,689,MENTIONS
689,630,HAS_VIEW
690,689,MENTIONS
689,691,HAS_ROOM
692,689,MENTIONS
692,630,MENTIONS
689,630,PROFESSOR
693,689,MENTIONS
693,630,MENTIONS
694,695,MENTIONS
694,186,MENTIONS
694,4,MENTIONS
695,186,LOCATED_IN
695,4,NEAR
696,697,MENTIONS
696,375,MENTIONS
696,9,MENTIONS
697,375,LOCATED_NEAR
697,9,DISTANCE
698,697,MENTIONS
697,375,LOCATED_AT
699,697,MENTIONS
699,375,MENTIONS
700,697,MENTIONS
700,375,MENTIONS
701,697,MENTIONS
701,375,MENTIONS
702,697,MENTIONS
702,375,MENTIONS
703,697,MENTIONS
703,375,MENTIONS
704,697,MENTIONS
704,375,MENTIONS
705,697,MENTIONS
705,375,MENTIONS
706,697,MENTIONS
706,375,MENTIONS
707,697,MENTIONS
707,375,MENTIONS
707,708,MENTIONS
697,708,OFFERS
709,697,MENTIONS
709,375,MENTIONS
709,708,MENTIONS
710,697,MENTIONS
710,375,MENTIONS
711,697,MENTIONS
711,375,MENTIONS
712,713,MENTIONS
712,2,MENTIONS
712,3,MENTIONS
712,4,MENTIONS
713,2,NEARBY
713,3,NEARBY
713,4,NEARBY
714,713,MENTIONS
714,9,MENTIONS
713,9,LOCATION
715,713,MENTIONS
716,713,MENTIONS
716,58,MENTIONS
713,58,HAS_ROOM
717,713,MENTIONS
717,116,MENTIONS
713,116,HAS_ROOM
718,719,MENTIONS
718,2,MENTIONS
718,73,MENTIONS
718,4,MENTIONS
719,2,NEARBY
719,73,DISTANCE
719,4,DISTANCE
720,719,MENTIONS
720,9,MENTIONS
719,9,LIVES_NEAR
721,719,MENTIONS
722,719,MENTIONS
722,22,MENTIONS
722,58,MENTIONS
722,723,MENTIONS
719,22,PROVIDES
22,58,CONTAINS
58,723,ADJACENT_TO
724,719,MENTIONS
724,22,MENTIONS
724,58,MENTIONS
724,723,MENTIONS
725,719,MENTIONS
725,58,MENTIONS
719,58,HAS_ROOM
726,719,MENTIONS
726,58,MENTIONS
727,719,MENTIONS
727,22,MENTIONS
727,728,MENTIONS
22,728,HAS
729,719,MENTIONS
729,22,MENTIONS
729,728,MENTIONS
730,719,MENTIONS
730,22,MENTIONS
730,65,MENTIONS
730,731,MENTIONS
719,22,HAS_TYPE
22,65,HAS_ROOM
65,731,HAS_PERSON
732,719,MENTIONS
732,22,MENTIONS
732,65,MENTIONS
732,731,MENTIONS
733,719,MENTIONS
733,22,MENTIONS
733,65,MENTIONS
733,734,MENTIONS
65,734,HAS_PERSON
735,719,MENTIONS
735,22,MENTIONS
735,65,MENTIONS
735,734,MENTIONS
736,737,MENTIONS
736,8,MENTIONS
736,2,MENTIONS
736,3,MENTIONS
736,4,MENTIONS
737,8,LOCATED_IN
737,2,NEAR
737,3,NEAR
737,4,NEAR
738,737,MENTIONS
738,9,MENTIONS
737,9,NEARBY
739,737,MENTIONS
740,737,MENTIONS
740,180,MENTIONS
737,180,HAS_ROOM
741,737,MENTIONS
741,116,MENTIONS
741,31,MENTIONS
741,32,MENTIONS
741,34,MENTIONS
741,440,MENTIONS
741,26,MENTIONS
737,116,HAS_ROOM
116,31,HAS_KITCHEN
116,32,HAS_BATHROOM
116,34,HAS_BALCONY
116,440,VIEWS
116,26,VIEWS
742,743,MENTIONS
742,8,MENTIONS
742,2,MENTIONS
742,4,MENTIONS
743,8,LOCATION
743,2,NEARBY
743,4,NEARBY
744,745,MENTIONS
745,746,LIVES_NEAR
746,747,LOCATED_NEAR
748,745,MENTIONS
745,746,LIVES_IN
749,750,MENTIONS
749,494,MENTIONS
750,494,HAS_ROOM
751,750,MENTIONS
751,752,MENTIONS
750,752,HAS_ROOM
753,754,MENTIONS
753,8,MENTIONS
753,544,MENTIONS
754,8,LOCATED_IN
754,544,NEARBY
755,754,MENTIONS
755,9,MENTIONS
754,9,LOCATION
756,754,MENTIONS
757,754,MENTIONS
757,522,MENTIONS
754,522,HAS_ROOM
758,754,MENTIONS
758,522,MENTIONS
759,754,MENTIONS
759,760,MENTIONS
759,25,MENTIONS
759,26,MENTIONS
754,760,HAS_ROOM
760,25,HAS_SEA_VIEW
760,26,HAS_CITY_VIEW
761,754,MENTIONS
761,760,MENTIONS
761,25,MENTIONS
761,26,MENTIONS
762,754,MENTIONS
762,763,MENTIONS
754,763,HAS_ROOM
764,754,MENTIONS
764,763,MENTIONS
765,766,MENTIONS
765,186,MENTIONS
765,767,MENTIONS
765,768,MENTIONS
765,4,MENTIONS
765,769,MENTIONS
765,3,MENTIONS
766,186,LOCATED_IN
766,767,NEARBY
766,768,NEARBY
766,4,DISTANCE
766,769,NEARBY
766,3,NEARBY
770,766,MENTIONS
770,186,MENTIONS
770,26,MENTIONS
766,186,NEARBY
766,26,DISTANCE
186,26,CONTAINS
771,766,MENTIONS
772,766,MENTIONS
772,49,MENTIONS
766,49,HAS_ROOM
773,766,MENTIONS
773,49,MENTIONS
774,766,MENTIONS
774,451,MENTIONS
766,451,HAS_BED_TYPE
775,766,MENTIONS
775,451,MENTIONS
776,766,MENTIONS
776,558,MENTIONS
766,558,HAS_ROOM
777,766,MENTIONS
777,558,MENTIONS
778,766,MENTIONS
778,522,MENTIONS
766,522,HAS_ROOM
779,766,MENTIONS
779,522,MENTIONS
780,766,MENTIONS
780,62,MENTIONS
766,62,HAS_ROOM_TYPE
781,766,MENTIONS
781,62,MENTIONS
766,62,HAS_SUITE
782,766,MENTIONS
782,483,MENTIONS
766,483,HAS_ROOM
783,766,MENTIONS
783,483,MENTIONS
784,766,MENTIONS
784,522,MENTIONS
785,766,MENTIONS
785,522,MENTIONS
786,766,MENTIONS
786,62,MENTIONS
787,766,MENTIONS
787,62,MENTIONS
788,766,MENTIONS
788,62,MENTIONS
789,766,MENTIONS
789,62,MENTIONS
790,791,MENTIONS
790,8,MENTIONS
790,2,MENTIONS
790,4,MENTIONS
790,3,MENTIONS
791,8,LOCATED_IN
791,2,NEAR
791,4,DISTANCE
791,3,DISTANCE
792,791,MENTIONS
792,9,MENTIONS
791,9,LOCATION
793,791,MENTIONS
794,791,MENTIONS
794,394,MENTIONS
791,394,HAS_ROOM
795,791,MENTIONS
795,394,MENTIONS
796,791,MENTIONS
796,797,MENTIONS
791,797,HAS_ROOM
798,791,MENTIONS
798,797,MENTIONS
799,791,MENTIONS
799,800,MENTIONS
791,800,HAS_ROOM
801,791,MENTIONS
801,800,MENTIONS
802,791,MENTIONS
802,22,MENTIONS
802,803,MENTIONS
791,22,HAS_ROOM_TYPE
791,803,HAS_ROOM
804,791,MENTIONS
804,22,MENTIONS
804,803,MENTIONS
805,806,MENTIONS
805,8,MENTIONS
805,2,MENTIONS
805,4,MENTIONS
806,8,LOCATED_IN
806,2,NEAR
806,4,NEAR
807,806,MENTIONS
807,9,MENTIONS
806,9,NEARBY
808,806,MENTIONS
809,806,MENTIONS
809,199,MENTIONS
806,199,HAS_ROOM
810,806,MENTIONS
810,95,MENTIONS
806,95,HAS_ROOM
811,806,MENTIONS
811,58,MENTIONS
811,25,MENTIONS
811,26,MENTIONS
806,58,HAS_ROOM
58,25,HAS_VIEW
58,26,HAS_VIEW
812,806,MENTIONS
812,813,MENTIONS
806,813,HAS_ROOM
814,806,MENTIONS
814,105,MENTIONS
806,105,HAS_ROOM
815,816,MENTIONS
815,2,MENTIONS
815,4,MENTIONS
816,2,NEARBY
816,4,DISTANCE
817,818,MENTIONS
817,9,MENTIONS
818,9,NEARBY
819,818,MENTIONS
818,820,HAS_RATING
821,816,MENTIONS
821,58,MENTIONS
816,58,PROVIDES
822,816,MENTIONS
822,169,MENTIONS
816,169,PROVIDES
823,824,MENTIONS
823,186,MENTIONS
823,470,MENTIONS
823,4,MENTIONS
824,186,LOCATED_IN
824,470,NEAR
824,4,NEAR
825,824,MENTIONS
825,186,MENTIONS
825,26,MENTIONS
824,186,NEARBY
824,26,DISTANCE
826,824,MENTIONS
827,824,MENTIONS
827,828,MENTIONS
824,828,PROFESSOR
829,824,MENTIONS
829,828,MENTIONS
830,824,MENTIONS
830,831,MENTIONS
824,831,HAS_ROOM
832,824,MENTIONS
832,831,MENTIONS
833,824,MENTIONS
833,22,MENTIONS
833,834,MENTIONS
833,328,MENTIONS
824,22,PROFESSOR
22,834,PROFESSOR
834,328,PROFESSOR
835,824,MENTIONS
835,22,MENTIONS
835,834,MENTIONS
835,328,MENTIONS
836,824,MENTIONS
836,22,MENTIONS
836,837,MENTIONS
836,28,MENTIONS
836,29,MENTIONS
836,30,MENTIONS
836,31,MENTIONS
836,32,MENTIONS
836,33,MENTIONS
836,36,MENTIONS
836,838,MENTIONS
836,839,MENTIONS
824,22,PROVIDES
824,837,LOCATED_IN
22,28,CONTAINS
22,29,CONTAINS
22,30,CONTAINS
22,31,CONTAINS
22,32,CONTAINS
22,33,CONTAINS
22,36,CONTAINS
22,838,CONTAINS
22,839,CONTAINS
840,824,MENTIONS
840,837,MENTIONS
824,837,HAS_ROOM
841,842,MENTIONS
841,8,MENTIONS
841,346,MENTIONS
841,4,MENTIONS
842,8,LOCATED_IN
842,346,NEAR
842,4,NEAR
843,844,MENTIONS
843,109,MENTIONS
844,109,NEARBY
845,844,MENTIONS
846,844,MENTIONS
846,847,MENTIONS
844,847,PROFESSOR
848,844,MENTIONS
848,22,MENTIONS
848,558,MENTIONS
844,22,LOCATED_IN
22,558,TYPE_OF
849,844,MENTIONS
849,22,MENTIONS
849,53,MENTIONS
849,850,MENTIONS
849,851,MENTIONS
844,53,OFFERS
53,850,INCLUDES
53,851,OFFERS
852,844,MENTIONS
852,22,MENTIONS
852,53,MENTIONS
852,23,MENTIONS
852,25,MENTIONS
852,26,MENTIONS
844,23,OFFERS
844,25,VIEWS
844,26,VIEWS
853,844,MENTIONS
853,22,MENTIONS
853,53,MENTIONS
853,23,MENTIONS
853,25,MENTIONS
853,26,MENTIONS
53,23,HAS
53,25,VIEWS
53,26,VIEWS
854,844,MENTIONS
854,22,MENTIONS
854,53,MENTIONS
854,850,MENTIONS
854,851,MENTIONS
855,844,MENTIONS
855,22,MENTIONS
855,53,MENTIONS
855,23,MENTIONS
855,25,MENTIONS
855,26,MENTIONS
856,844,MENTIONS
856,857,MENTIONS
844,857,LOCATED_IN
858,844,MENTIONS
858,22,MENTIONS
858,859,MENTIONS
22,859,TYPE_OF
859,844,LOCATED_IN
860,844,MENTIONS
860,22,MENTIONS
860,861,MENTIONS
22,861,TYPE_OF
862,844,MENTIONS
862,22,MENTIONS
862,863,MENTIONS
22,863,HAS_ROOM
864,844,MENTIONS
864,865,MENTIONS
844,865,HAS_ROOM_TYPE
866,867,MENTIONS
866,8,MENTIONS
866,2,MENTIONS
866,73,MENTIONS
866,4,MENTIONS
867,8,LOCATED_IN
867,2,NEAR
867,73,NEAR
867,4,NEAR
868,869,MENTIONS
868,870,MENTIONS
869,870,LOCATION
871,869,MENTIONS
869,872,RATED
873,869,MENTIONS
873,874,MENTIONS
869,874,PROVIDES
875,869,MENTIONS
875,876,MENTIONS
869,876,HAS_ROOM
877,878,MENTIONS
877,2,MENTIONS
877,3,MENTIONS
877,4,MENTIONS
878,2,NEARBY
878,3,NEARBY
878,4,DISTANCE
879,878,MENTIONS
879,9,MENTIONS
878,9,LOCATION
880,878,MENTIONS
881,878,MENTIONS
881,116,MENTIONS
878,116,HAS_ROOM
882,878,MENTIONS
882,58,MENTIONS
878,58,HAS_ROOM
883,878,MENTIONS
883,884,MENTIONS
878,884,HAS_ROOM
885,878,MENTIONS
885,886,MENTIONS
878,886,HAS_ROOM
887,878,MENTIONS
887,53,MENTIONS
878,53,HAS_ROOM
888,878,MENTIONS
888,414,MENTIONS
878,414,HAS_ROOM
889,878,MENTIONS
889,8,MENTIONS
889,440,MENTIONS
889,26,MENTIONS
878,8,LOCATED_IN
878,440,VIEWS
878,26,VIEWS
890,891,MENTIONS
890,2,MENTIONS
890,4,MENTIONS
891,2,NEARBY
891,4,NEARBY
892,893,MENTIONS
892,894,MENTIONS
892,9,MENTIONS
893,894,LIVES_IN
893,9,NEARBY
895,891,MENTIONS
896,891,MENTIONS
896,58,MENTIONS
891,58,PROFESSOR
897,891,MENTIONS
891,414,HAS_ROOM
898,891,MENTIONS
899,891,MENTIONS
900,891,MENTIONS
900,414,MENTIONS
901,891,MENTIONS
902,891,MENTIONS
903,891,MENTIONS
904,891,MENTIONS
905,891,MENTIONS
906,891,MENTIONS
907,891,MENTIONS
907,414,MENTIONS
908,891,MENTIONS
908,414,MENTIONS
909,891,MENTIONS
909,910,MENTIONS
909,911,MENTIONS
909,912,MENTIONS
891,910,HAS_BED
891,911,HAS_ROOM
891,912,HAS_COURTYARD
913,914,MENTIONS
913,2,MENTIONS
913,3,MENTIONS
913,4,MENTIONS
914,2,NEARBY
914,3,NEARBY
914,4,NEARBY
915,916,MENTIONS
915,9,MENTIONS
916,9,LOCATION
917,914,MENTIONS
918,914,MENTIONS
918,58,MENTIONS
914,58,HAS_ROOM
919,914,MENTIONS
919,116,MENTIONS
914,116,HAS_ROOM
920,914,MENTIONS
920,485,MENTIONS
914,485,HAS_ROOM
921,914,MENTIONS
914,414,HAS_ROOM
922,923,MENTIONS
922,2,MENTIONS
922,73,MENTIONS
922,4,MENTIONS
923,2,NEAR
923,73,NEAR
923,4,DISTANCE
924,925,MENTIONS
924,8,MENTIONS
924,9,MENTIONS
925,8,LOCATED_IN
925,9,DISTANCE_FROM
926,923,MENTIONS
923,655,RATED
927,923,MENTIONS
927,886,MENTIONS
923,886,HAS_ROOM
928,923,MENTIONS
928,929,MENTIONS
923,929,HAS_ROOM
930,923,MENTIONS
930,58,MENTIONS
923,58,HAS_ROOM
931,923,MENTIONS
931,251,MENTIONS
923,251,HAS_ROOM_TYPE
932,933,MENTIONS
932,8,MENTIONS
932,2,MENTIONS
932,4,MENTIONS
933,8,LOCATED_IN
933,2,DISTANCE
933,4,DISTANCE
934,933,MENTIONS
933,9,LOCATION
935,933,MENTIONS
936,933,MENTIONS
936,937,MENTIONS
936,31,MENTIONS
936,32,MENTIONS
936,34,MENTIONS
936,35,MENTIONS
936,573,MENTIONS
936,938,MENTIONS
936,939,MENTIONS
933,937,HAS_BED
933,31,HAS_KITCHEN
933,32,HAS_BATHROOM
933,34,HAS_BALCONY
933,35,HAS_AIR_CONDITIONER
933,573,HAS_YARD
933,938,HAS_WASHING_MACHINE
933,939,HAS_SMALL_KITCHEN
940,941,MENTIONS
940,8,MENTIONS
940,2,MENTIONS
940,4,MENTIONS
941,8,LOCATED_IN
941,2,NEARBY
941,4,DISTANCE
942,941,MENTIONS
942,9,MENTIONS
941,9,NEARBY
943,941,MENTIONS
944,941,MENTIONS
944,120,MENTIONS
941,120,HAS_ROOM
945,941,MENTIONS
945,65,MENTIONS
941,65,HAS_ROOM
946,947,MENTIONS
946,8,MENTIONS
946,2,MENTIONS
946,4,MENTIONS
947,8,LOCATED_IN
947,2,DISTANCE
947,4,DISTANCE
948,947,MENTIONS
948,9,MENTIONS
947,9,LOCATION
949,947,MENTIONS
950,947,MENTIONS
950,797,MENTIONS
947,797,PROVIDES
951,947,MENTIONS
951,797,MENTIONS
952,947,MENTIONS
952,53,MENTIONS
947,53,PROVIDES
953,947,MENTIONS
953,53,MENTIONS
954,955,MENTIONS
954,2,MENTIONS
954,3,MENTIONS
954,4,MENTIONS
955,2,NEARBY
955,3,NEARBY
955,4,ACCESSIBLE_BY
956,955,MENTIONS
956,9,MENTIONS
955,9,NEARBY
957,955,MENTIONS
958,955,MENTIONS
958,414,MENTIONS
955,414,HAS_ROOM
959,960,MENTIONS
959,8,MENTIONS
959,2,MENTIONS
959,3,MENTIONS
959,4,MENTIONS
960,8,LOCATED_IN
960,2,NEAR
960,3,NEAR
960,4,NEAR
961,6,MENTIONS
961,8,MENTIONS
961,26,MENTIONS
6,8,NEARBY
8,26,CONTAINS
6,26,DISTANCE
962,6,MENTIONS
963,6,MENTIONS
963,8,MENTIONS
6,8,LOCATED_IN
964,6,MENTIONS
964,8,MENTIONS
965,966,MENTIONS
965,186,MENTIONS
965,288,MENTIONS
965,73,MENTIONS
965,4,MENTIONS
966,186,LOCATED_IN
966,288,NEAR
966,73,NEAR
966,4,NEAR
967,966,MENTIONS
967,186,MENTIONS
967,9,MENTIONS
966,9,DISTANCE
968,966,MENTIONS
966,655,HAS_RATING
969,966,MENTIONS
969,25,MENTIONS
969,440,MENTIONS
969,26,MENTIONS
966,25,LOOKS_OUT
966,440,LOOKS_OUT
966,26,LOOKS_OUT
970,966,MENTIONS
970,186,MENTIONS
971,966,MENTIONS
971,22,MENTIONS
971,972,MENTIONS
966,22,PROFESSOR
966,972,LIVES_IN
973,974,MENTIONS
973,2,MENTIONS
973,73,MENTIONS
973,4,MENTIONS
974,2,NEARBY
974,73,NEARBY
974,4,NEARBY
975,976,MENTIONS
976,977,NEARBY
978,976,MENTIONS
976,977,NEARBY_HOTELS
979,974,MENTIONS
979,22,MENTIONS
979,28,MENTIONS
979,29,MENTIONS
979,30,MENTIONS
979,609,MENTIONS
979,610,MENTIONS
979,34,MENTIONS
974,22,HAS_TYPE
974,28,HAS_ROOM
974,29,HAS_ROOM
974,30,HAS_ROOM
974,609,HAS_KITCHEN
974,610,HAS_BATHROOM
974,34,HAS_BALCONY
980,974,MENTIONS
980,22,MENTIONS
980,28,MENTIONS
980,29,MENTIONS
980,30,MENTIONS
980,609,MENTIONS
980,610,MENTIONS
980,34,MENTIONS
981,974,MENTIONS
981,22,MENTIONS
981,28,MENTIONS
981,29,MENTIONS
981,30,MENTIONS
981,609,MENTIONS
981,610,MENTIONS
981,34,MENTIONS
982,983,MENTIONS
982,8,MENTIONS
982,2,MENTIONS
982,3,MENTIONS
982,4,MENTIONS
983,8,LOCATED_IN
983,2,NEAR
983,3,NEAR
983,4,NEAR
984,985,MENTIONS
984,986,MENTIONS
984,8,MENTIONS
984,26,MENTIONS
985,986,LOCATED_AT
986,8,LOCATED_IN
986,26,DISTANCE
987,985,MENTIONS
987,986,MENTIONS
988,983,MENTIONS
988,8,MENTIONS
989,985,MENTIONS
989,986,MENTIONS
985,986,PROVIDES
990,983,MENTIONS
990,257,MENTIONS
983,257,LOCATED_AT
991,983,MENTIONS
991,263,MENTIONS
983,263,LOCATED_AT
992,993,MENTIONS
992,8,MENTIONS
992,2,MENTIONS
992,4,MENTIONS
993,8,LOCATED_IN
993,2,NEAR
993,4,DISTANCE
994,993,MENTIONS
994,9,MENTIONS
993,9,NEARBY
995,993,MENTIONS
996,993,MENTIONS
996,997,MENTIONS
993,997,HAS_ROOM_TYPE
998,993,MENTIONS
998,22,MENTIONS
998,65,MENTIONS
998,999,MENTIONS
993,22,HAS_ROOM_TYPE
993,65,HAS_ROOM
993,999,HAS_VIEW
1000,993,MENTIONS
1000,53,MENTIONS
993,53,HAS_ROOM
1001,993,MENTIONS
1001,87,MENTIONS
993,87,HAS_ROOM_TYPE
1002,1003,MENTIONS
1002,2,MENTIONS
1002,4,MENTIONS
1003,2,NEARBY
1003,4,DISTANCE
1004,1003,MENTIONS
1003,1005,PROXIMITY
1006,1003,MENTIONS
1007,1003,MENTIONS
1003,58,PROFESSOR
1008,1003,MENTIONS
1003,180,PROFESSOR
1009,1003,MENTIONS
1003,53,HAS_ROOM
1010,1011,MENTIONS
1010,2,MENTIONS
1010,4,MENTIONS
1010,3,MENTIONS
1010,1012,MENTIONS
1011,2,NEAR
1011,4,DISTANCE
1011,3,DISTANCE
1011,1012,DISTANCE
1013,1011,MENTIONS
1013,9,MENTIONS
1011,9,LOCATION
1014,1011,MENTIONS
1015,1011,MENTIONS
1015,169,MENTIONS
1011,169,HAS_ROOM
1016,1011,MENTIONS
1016,169,MENTIONS
1017,1011,MENTIONS
1017,169,MENTIONS
1018,1011,MENTIONS
1011,414,HAS_ROOM
1019,1011,MENTIONS
1020,1011,MENTIONS
1021,1011,MENTIONS
1022,1023,MENTIONS
1022,186,MENTIONS
1022,470,MENTIONS
1022,4,MENTIONS
1023,186,LOCATED_IN
1023,470,NEAR
1023,4,NEAR
1024,1023,MENTIONS
1024,109,MENTIONS
1023,109,DISTANCE
1025,1023,MENTIONS
1026,1023,MENTIONS
1026,365,MENTIONS
1023,365,PROFESSOR
1027,1023,MENTIONS
1027,365,MENTIONS
1027,186,MENTIONS
1027,1028,MENTIONS
1023,186,PROFESSOR
1023,1028,PROFESSOR
1029,1023,MENTIONS
1029,1030,MENTIONS
1029,186,MENTIONS
1023,1030,PROFESSOR
1023,186,LOCATION
1031,1023,MENTIONS
1031,1032,MENTIONS
1031,1033,MENTIONS
1023,1032,PROFESSOR
1023,1033,PROFESSOR
1034,1035,MENTIONS
1034,73,MENTIONS
1034,4,MENTIONS
1035,73,NEARBY
1035,4,NEARBY
1036,1037,MENTIONS
1036,1038,MENTIONS
1037,1038,LOCATION_OF
1039,1037,MENTIONS
1037,1038,PROFESSOR
1040,1035,MENTIONS
1040,22,MENTIONS
1040,511,MENTIONS
1035,22,HAS_ROOM_TYPE
1035,511,OWNS_APARTMENT
1041,1035,MENTIONS
1041,22,MENTIONS
1041,511,MENTIONS
1042,1035,MENTIONS
1042,22,MENTIONS
1042,511,MENTIONS
1043,1035,MENTIONS
1043,511,MENTIONS
1035,511,LOCATED_IN
1044,1035,MENTIONS
1044,511,MENTIONS
1045,1035,MENTIONS
1045,511,MENTIONS
1046,1047,MENTIONS
1046,8,MENTIONS
1046,2,MENTIONS
1046,4,MENTIONS
1047,8,LOCATED_IN
1047,2,NEARBY
1047,4,NEARBY
1048,1049,MENTIONS
1048,8,MENTIONS
1048,1050,MENTIONS
1049,8,LOCATION
1049,1050,VIEW
1051,1049,MENTIONS
1051,8,MENTIONS
1051,1050,MENTIONS
1049,8,LOCATED_IN
1052,1047,MENTIONS
1052,8,MENTIONS
1052,1050,MENTIONS
1047,1050,OVERLOOKS
1053,1047,MENTIONS
1053,8,MENTIONS
1053,1050,MENTIONS
1053,25,MENTIONS
1053,440,MENTIONS
1053,26,MENTIONS
1047,1050,LOCATED_IN
1047,25,OVERLOOKS
1047,440,OVERLOOKS
1047,26,OVERLOOKS
1054,1047,MENTIONS
1054,8,MENTIONS
1054,1050,MENTIONS
1054,25,MENTIONS
1054,440,MENTIONS
1054,26,MENTIONS
1055,1047,MENTIONS
1055,8,MENTIONS
1055,1050,MENTIONS
1055,25,MENTIONS
1055,440,MENTIONS
1055,26,MENTIONS
1056,1057,MENTIONS
1056,2,MENTIONS
1056,4,MENTIONS
1057,2,NEARBY
1057,4,DISTANCE
1058,1057,MENTIONS
1058,9,MENTIONS
1057,9,NEARBY
1059,1060,MENTIONS
1060,186,LOCATED_IN
1061,1057,MENTIONS
1061,58,MENTIONS
1057,58,HAS_ROOM
1062,1057,MENTIONS
1062,58,MENTIONS
1063,1057,MENTIONS
1063,1064,MENTIONS
1057,1064,HAS_ROOM
1065,1057,MENTIONS
1065,1064,MENTIONS
1066,1057,MENTIONS
1066,1067,MENTIONS
1057,1067,HAS_ROOM
1068,1057,MENTIONS
1068,1067,MENTIONS
1069,1070,MENTIONS
1069,8,MENTIONS
1069,90,MENTIONS
1069,2,MENTIONS
1069,4,MENTIONS
1070,8,LOCATED_IN
1070,2,NEAR
1070,4,NEAR
1071,1070,MENTIONS
1071,9,MENTIONS
1070,9,NEARBY
1072,1070,MENTIONS
1073,1070,MENTIONS
1073,1074,MENTIONS
1070,1074,HAS_ROOM
1075,1070,MENTIONS
1075,1076,MENTIONS
1070,1076,HAS_ROOM_TYPE
1077,1070,MENTIONS
1077,1078,MENTIONS
1070,1078,HAS_ROOM
1079,1080,MENTIONS
1079,2,MENTIONS
1079,4,MENTIONS
1079,3,MENTIONS
1080,2,NEARBY
1080,4,DISTANCE
1080,3,DISTANCE
1081,986,MENTIONS
986,8,LOCATION
1082,986,MENTIONS
1083,986,MENTIONS
1083,251,MENTIONS
986,251,HAS_ROOM
1084,986,MENTIONS
986,1085,HAS_ROOM
1086,1087,MENTIONS
1086,8,MENTIONS
1086,346,MENTIONS
1086,4,MENTIONS
1087,8,LOCATED_IN
1087,346,NEAR
1087,4,NEAR
1088,1087,MENTIONS
1087,9,PROFESSOR
1089,1087,MENTIONS
1090,1087,MENTIONS
1090,558,MENTIONS
1087,558,PROVIDES
1091,1087,MENTIONS
1091,1092,MENTIONS
1087,1092,PROVIDES
1093,1087,MENTIONS
1093,58,MENTIONS
1087,58,PROVIDES
1094,1087,MENTIONS
1094,53,MENTIONS
1094,25,MENTIONS
1087,53,PROVIDES
53,25,OVERLOOKS
1095,1087,MENTIONS
1095,641,MENTIONS
1087,641,PROVIDES
1096,1087,MENTIONS
1096,53,MENTIONS
1097,1087,MENTIONS
1097,558,MENTIONS
1098,1087,MENTIONS
1098,58,MENTIONS
1098,25,MENTIONS
58,25,VIEW
1099,1087,MENTIONS
1099,1100,MENTIONS
1087,1100,PROVIDES
1101,1087,MENTIONS
1101,22,MENTIONS
1101,62,MENTIONS
1101,25,MENTIONS
1087,22,PROVIDES
1087,62,PROVIDES
1087,25,OVERLOOKS
1102,1087,MENTIONS
1102,49,MENTIONS
1087,49,PROVIDES
1103,1087,MENTIONS
1103,1104,MENTIONS
1087,1104,PROVIDES
1105,1087,MENTIONS
1105,1106,MENTIONS
1087,1106,PROVIDES
1107,1108,MENTIONS
1107,2,MENTIONS
1107,4,MENTIONS
1108,2,NEARBY
1108,4,NEARBY
1109,1108,MENTIONS
1109,1005,MENTIONS
1108,1005,NEARBY
1110,1108,MENTIONS
1111,1108,MENTIONS
1111,1112,MENTIONS
1108,1112,HAS_ROOM
1113,1108,MENTIONS
1113,53,MENTIONS
1108,53,HAS_ROOM
1114,1108,MENTIONS
1114,1115,MENTIONS
1108,1115,HAS_ROOM
1116,1108,MENTIONS
1116,53,MENTIONS
1117,1108,MENTIONS
1117,53,MENTIONS
1118,1108,MENTIONS
1118,485,MENTIONS
1108,485,HAS_ROOM
1119,1108,MENTIONS
1119,813,MENTIONS
1108,813,HAS_ROOM
1120,1108,MENTIONS
1120,53,MENTIONS
1121,1122,MENTIONS
1121,1123,MENTIONS
1121,73,MENTIONS
1121,4,MENTIONS
1122,1123,LOCATED_NEAR
1122,73,LOCATED_NEAR
1122,4,NEARBY
1124,1125,MENTIONS
1124,1123,MENTIONS
1124,9,MENTIONS
1125,1123,LOCATED_NEAR
1123,9,DISTANCE
1126,1125,MENTIONS
1126,1123,MENTIONS
1127,1125,MENTIONS
1127,1123,MENTIONS
1128,1125,MENTIONS
1128,1123,MENTIONS
1129,1125,MENTIONS
1129,1123,MENTIONS
1130,1125,MENTIONS
1130,1123,MENTIONS
1131,1125,MENTIONS
1131,1123,MENTIONS
1132,1125,MENTIONS
1132,1123,MENTIONS
1133,1125,MENTIONS
1133,1123,MENTIONS
1134,1125,MENTIONS
1134,1123,MENTIONS
1135,1125,MENTIONS
1135,1123,MENTIONS
1136,1125,MENTIONS
1136,1123,MENTIONS
1137,1125,MENTIONS
1137,1123,MENTIONS